state,party,last_name,user_screen_name,name,gender,state_abbrev,icpsr,born
Alabama,D,sewell,RepTerriSewell,Terri A. Sewell,female,AL,21102,1965
Alabama,R,aderholt,Robert_Aderholt,Robert B. Aderholt,male,AL,29701,1965
Alabama,R,brooks,RepMoBrooks,Mo Brooks,male,AL,21193,1954
Alabama,R,byrne,BradleyByrne,Bradley Byrne,male,AL,21376,1955
Alabama,R,byrne,RepByrne,Bradley Byrne,male,AL,21376,1955
Alabama,R,palmer,USRepGaryPalmer,Gary J. Palmer,male,AL,21500,1954
Alabama,R,roby,MarthaRobyAL,Martha Roby,female,AL,21192,1976
Alabama,R,rogers,RepMikeRogersAL,Mike Rogers,male,AL,20301,1958
Alaska,R,young,repdonyoung,Don Young,male,AK,14066,1933
Arizona,D,gallego,RepRubenGallego,Ruben Gallego,male,AZ,21502,1979
Arizona,D,gallego,RubenGallego,Ruben Gallego,male,AZ,21502,1979
Arizona,D,grijalva,RepRaulGrijalva,Raull M. Grijalva,male,AZ,20305,1948
Arizona,D,kirkpatrick,RepKirkpatrick,Ann Kirkpatrick,female,AZ,20902,1950
Arizona,D,kirkpatrick,Ann_Kirkpatrick,Ann Kirkpatrick,female,AZ,20902,1950
Arizona,D,o'halleran,TomOHalleran,Tom O'Halleran,male,AZ,21739,1946
Arizona,D,o'halleran,RepOHalleran,Tom O'Halleran,male,AZ,21739,1946
Arizona,D,stanton,gregstantonaz,Greg Stanton,male,AZ,21968,1970
Arizona,D,stanton,RepGregStanton,Greg Stanton,male,AZ,21968,1970
Arizona,R,biggs,andybiggs4az,Andy Biggs,male,AZ,21705,1958
Arizona,R,biggs,RepAndyBiggsAZ,Andy Biggs,male,AZ,21705,1958
Arizona,R,gosar,RepGosar,Paul A. Gosar,male,AZ,21103,1958
Arizona,R,gosar,DrPaulGosar,Paul A. Gosar,male,AZ,21103,1958
Arizona,R,lesko,DebbieLesko,Debbie Lesko,female,AZ,21757,1958
Arizona,R,lesko,RepDLesko,Debbie Lesko,female,AZ,21757,1958
Arizona,R,schweikert,RepDavid,David Schweikert,male,AZ,21105,1962
Arkansas,R,crawford,RepRickCrawford,"Eric A. ""Rick"" Crawford",male,AR,21106,1966
Arkansas,R,hill,RepFrenchHill,J. French Hill,male,AR,21503,1956
Arkansas,R,westerman,RepWesterman,Bruce Westerman,male,AR,21563,1967
Arkansas,R,womack,rep_stevewomack,Steve Womack,male,AR,21108,1957
California,D,aguilar,RepPeteAguilar,Pete Aguilar,male,CA,21506,1979
California,D,barragan,Nanette4CA,Nanette Diaz Barragan,female,CA,21703,1976
California,D,barragan,RepBarragan,Nanette Diaz Barragan,female,CA,21703,1976
California,D,bass,KarenBassLA,Karen Bass,female,CA,21110,1953
California,D,bass,RepKarenBass,Karen Bass,female,CA,21110,1953
California,D,bera,RepBera,Ami Bera,male,CA,21304,1965
California,D,bera,BeraForCongress,Ami Bera,male,CA,21304,1965
California,D,brownley,RepBrownley,Julia Brownley,female,CA,21308,1952
California,D,brownley,JuliaBrownley,Julia Brownley,female,CA,21308,1952
California,D,carbajal,RepCarbajal,Salud O. Carbajal,male,CA,21709,1964
California,D,cardenas,Tcardenas,Tony Cardenas,male,CA,21309,1963
California,D,cardenas,RepCardenas,Tony Cardenas,male,CA,21309,1963
California,D,chu,RepJudyChu,Judy Chu,female,CA,20955,1953
California,D,cisneros,RepGilCisneros,"Gilbert Ray Cisneros, Jr.",male,CA,21907,1971
California,D,cisneros,CisnerosFndn,"Gilbert Ray Cisneros, Jr.",male,CA,21907,1971
California,D,correa,RepLouCorrea,J. Luis Correa,male,CA,21711,1958
California,D,costa,RepJimCosta,Jim Costa,male,CA,20501,1952
California,D,cox,TJCoxCongress,TJ Cox,male,CA,21909,1963
California,D,cox,RepTjCox,TJ Cox,male,CA,21909,1963
California,D,desaulnier,RepDeSaulnier,Mark DeSaulnier,male,CA,21504,1952
California,D,eshoo,RepAnnaEshoo,Anna G. Eshoo,female,CA,29312,1942
California,D,garamendi,RepGaramendi,John Garamendi,male,CA,20958,1945
California,D,gomez,JimmyGomezCA,Jimmy Gomez,male,CA,21754,1974
California,D,gomez,RepJimmyGomez,Jimmy Gomez,male,CA,21754,1974
California,D,harder,JoshHarder,Josh Harder,male,CA,21930,1986
California,D,harder,RepJoshHarder,Josh Harder,male,CA,21930,1986
California,D,hill,RepKatieHill,Katie Hill,female,CA,21932,1987
California,D,hill,KatieHill4CA,Katie Hill,female,CA,21932,1987
California,D,huffman,RepHuffman,Jared Huffman,male,CA,21303,1964
California,D,huffman,JaredHuffman,Jared Huffman,male,CA,21303,1964
California,D,khanna,RepRoKhanna,Ro Khanna,male,CA,21728,1976
California,D,khanna,RoKhanna,Ro Khanna,male,CA,21728,1976
California,D,lee,RepBarbaraLee,Barbara Lee,female,CA,29778,1946
California,D,lee,BLeeForCongress,Barbara Lee,female,CA,29778,1946
California,D,levin,RepMikeLevin,Mike Levin,male,CA,21939,1978
California,D,levin,MikeLevin,Mike Levin,male,CA,21939,1978
California,D,lieu,tedlieu,Ted Lieu,male,CA,21507,1969
California,D,lieu,RepTedLieu,Ted Lieu,male,CA,21507,1969
California,D,lofgren,RepZoeLofgren,Zoe Lofgren,female,CA,29504,1947
California,D,lowenthal,RepLowenthal,Alan S. Lowenthal,male,CA,21313,1941
California,D,matsui,DorisMatsui,Doris O. Matsui,female,CA,20538,1944
California,D,mcnerney,jerrymcnerney,Jerry McNerney,male,CA,20702,1951
California,D,mcnerney,RepMcNerney,Jerry McNerney,male,CA,20702,1951
California,D,napolitano,gracenapolitano,Grace F. Napolitano,female,CA,29903,1936
California,D,panetta,RepJimmyPanetta,Jimmy Panetta,male,CA,21740,1969
California,D,panetta,JimmyPanetta,Jimmy Panetta,male,CA,21740,1969
California,D,pelosi,SpeakerPelosi,Nancy Pelosi,female,CA,15448,1940
California,D,pelosi,TeamPelosi,Nancy Pelosi,female,CA,15448,1940
California,D,peters,RepScottPeters,Scott H. Peters,male,CA,21315,1958
California,D,peters,ScottPetersSD,Scott H. Peters,male,CA,21315,1958
California,D,porter,RepKatiePorter,Katie Porter,female,CA,21954,1974
California,D,porter,katieporteroc,Katie Porter,female,CA,21954,1974
California,D,rouda,RepHarley,Harley Rouda,male,CA,21960,1961
California,D,rouda,HarleyRouda,Harley Rouda,male,CA,21960,1961
California,D,roybal-allard,RepRoybalAllard,Lucille Roybal-Allard,female,CA,29317,1941
California,D,ruiz,RepRaulRuizMD,Raul Ruiz,male,CA,21311,1972
California,D,ruiz,Dr_RaulRuiz,Raul Ruiz,male,CA,21311,1972
California,D,sanchez,LindaTSanchez,Linda T. Sanchez,female,CA,20310,1969
California,D,sanchez,RepLindaSanchez,Linda T. Sanchez,female,CA,20310,1969
California,D,schiff,AdamSchiff,Adam B. Schiff,male,CA,20104,1960
California,D,schiff,RepAdamSchiff,Adam B. Schiff,male,CA,20104,1960
California,D,sherman,BradSherman,Brad Sherman,male,CA,29707,1954
California,D,speier,RepSpeier,Jackie Speier,female,CA,20762,1950
California,D,speier,JackieSpeier,Jackie Speier,female,CA,20762,1950
California,D,swalwell,ericswalwell,Eric Swalwell,male,CA,21306,1980
California,D,swalwell,RepSwalwell,Eric Swalwell,male,CA,21306,1980
California,D,takano,RepMarkTakano,Mark Takano,male,CA,21312,1960
California,D,takano,MarkTakano,Mark Takano,male,CA,21312,1960
California,D,thompson,RepThompson,Mike Thompson,male,CA,29901,1951
California,D,torres,Norma4Congress,Norma J. Torres,female,CA,21508,1965
California,D,torres,NormaJTorres,Norma J. Torres,female,CA,21508,1965
California,D,vargas,RepJuanVargas,Juan Vargas,male,CA,21314,1961
California,D,waters,RepMaxineWaters,Maxine Waters,female,CA,29106,1938
California,R,calvert,TeamCalvert,Ken Calvert,male,CA,29323,1953
California,R,calvert,KenCalvert,Ken Calvert,male,CA,29323,1953
California,R,cook,ColPaulCookRet,Paul Cook,male,CA,21305,1943
California,R,hunter,Duncan4Congress,Duncan Hunter,male,CA,20963,1976
California,R,lamalfa,RepLaMalfa,Doug LaMalfa,male,CA,21302,1960
California,R,mccarthy,GOPLeader,Kevin McCarthy,male,CA,20703,1965
California,R,mccarthy,kevinomccarthy,Kevin McCarthy,male,CA,20703,1965
California,R,mcclintock,RepMcClintock,Tom McClintock,male,CA,20903,1956
California,R,nunes,DevinNunes,Devin Nunes,male,CA,20307,1973
California,R,nunes,RepDevinNunes,Devin Nunes,male,CA,20307,1973
Colorado,D,crow,RepJasonCrow,Jason Crow,male,CO,21912,1979
Colorado,D,crow,JasonCrowCO,Jason Crow,male,CO,21912,1979
Colorado,D,degette,DeGette5280,Diana DeGette,female,CO,29710,1957
Colorado,D,degette,RepDianaDeGette,Diana DeGette,female,CO,29710,1957
Colorado,D,neguse,JoeNeguse,Joe Neguse,male,CO,21948,1984
Colorado,D,neguse,RepJoeNeguse,Joe Neguse,male,CO,21948,1984
Colorado,D,perlmutter,RepPerlmutter,Ed Perlmutter,male,CO,20705,1953
Colorado,D,perlmutter,Ed4Colorado,Ed Perlmutter,male,CO,20705,1953
Colorado,R,buck,RepKenBuck,Ken Buck,male,CO,21510,1959
Colorado,R,lamborn,RepDLamborn,Doug Lamborn,male,CO,20704,1954
Colorado,R,tipton,RepTipton,Scott R. Tipton,male,CO,21111,1956
Connecticut,D,courtney,RepJoeCourtney,Joe Courtney,male,CT,20706,1953
Connecticut,D,delauro,Rosa_DeLauro,Rosa L. DeLauro,female,CT,29109,1943
Connecticut,D,delauro,rosadelauro,Rosa L. DeLauro,female,CT,29109,1943
Connecticut,D,hayes,RepJahanaHayes,Jahana Hayes,female,CT,21931,1973
Connecticut,D,hayes,JahanaHayesCT,Jahana Hayes,female,CT,21931,1973
Connecticut,D,himes,jahimes,James A. Himes,male,CT,20907,1966
Connecticut,D,larson,JohnLarsonCT,John B. Larson,male,CT,29908,1948
Connecticut,D,larson,RepJohnLarson,John B. Larson,male,CT,29908,1948
Delaware,D,rochester,LisaBRochester,Lisa Blunt Rochester,female,DE,21706,1962
Delaware,D,rochester,RepLBR,Lisa Blunt Rochester,female,DE,21706,1962
District of Columbia,D,norton,EleanorNorton,Eleanor Holmes Norton,female,DC,21993,1937
Florida,D,castor,USRepKCastor,Kathy Castor,female,FL,20708,1966
Florida,D,castor,KathyCastorFL,Kathy Castor,female,FL,20708,1966
Florida,D,crist,RepCharlieCrist,Charlie Crist,male,FL,21712,1956
Florida,D,crist,CharlieCrist,Charlie Crist,male,FL,21712,1956
Florida,D,demings,RepValDemings,Val Butler Demings,female,FL,21713,1957
Florida,D,deutch,RepTedDeutch,Theodore E. Deutch,male,FL,20959,1966
Florida,D,deutch,TedDeutch,Theodore E. Deutch,male,FL,20959,1966
Florida,D,frankel,LoisFrankel,Lois Frankel,female,FL,21321,1948
Florida,D,frankel,RepLoisFrankel,Lois Frankel,female,FL,21321,1948
Florida,D,lawson,RepAlLawsonJr,"Al Lawson, Jr.",male,FL,21732,1948
Florida,D,lawson,AlLawsonJr,"Al Lawson, Jr.",male,FL,21732,1948
Florida,D,mucarsel-powell,RepDMP,Debbie Mucarsel-Powell,female,FL,21947,1971
Florida,D,mucarsel-powell,DebbieforFL,Debbie Mucarsel-Powell,female,FL,21947,1971
Florida,D,murphy,MurphyforFL,Stephanie N. Murphy,female,FL,21738,1978
Florida,D,murphy,RepStephMurphy,Stephanie N. Murphy,female,FL,21738,1978
Florida,D,schultz,RepDWStweets,Debbie Wasserman Schultz,female,FL,20504,1966
Florida,D,schultz,DWStweets,Debbie Wasserman Schultz,female,FL,20504,1966
Florida,D,shalala,DonnaShalala,Donna E. Shalala,female,FL,21963,1941
Florida,D,soto,DarrenSoto,Darren Soto,male,FL,21746,1978
Florida,D,soto,RepDarrenSoto,Darren Soto,male,FL,21746,1978
Florida,D,wilson,RepWilson,Frederica S. Wilson,female,FL,21118,1942
Florida,R,bilirakis,RepGusBilirakis,Gus M. Bilirakis,male,FL,20758,1963
Florida,R,buchanan,VernBuchanan,Vern Buchanan,male,FL,20709,1951
Florida,R,diaz-balart,MarioDB,Mario Diaz-Balart,male,FL,20316,1961
Florida,R,diaz-balart,MarioDBCamp,Mario Diaz-Balart,male,FL,20316,1961
Florida,R,dunn,DrNealDunnFL2,Neal P. Dunn,male,FL,21714,1953
Florida,R,gaetz,mattgaetz,Matt Gaetz,male,FL,21719,1982
Florida,R,gaetz,RepMattGaetz,Matt Gaetz,male,FL,21719,1982
Florida,R,mast,BrianMastFL,Brian J. Mast,male,FL,21735,1980
Florida,R,mast,RepBrianMast,Brian J. Mast,male,FL,21735,1980
Florida,R,posey,congbillposey,Bill Posey,male,FL,20909,1947
Florida,R,rooney,RepRooney,Francis Rooney,male,FL,21742,1953
Florida,R,rutherford,RepRutherfordFL,John H. Rutherford,male,FL,21744,1952
Florida,R,spano,RepRossSpano,Ross Spano,male,FL,21967,1966
Florida,R,spano,RossSpano,Ross Spano,male,FL,21967,1966
Florida,R,steube,RepGregSteube,W. Gregory Steube,male,FL,21971,1978
Florida,R,waltz,RepWaltzPress,Mike Waltz,male,FL,21981,1974
Florida,R,waltz,michaelgwaltz,Michael Waltz,male,FL,21981,1974
Florida,R,webster,RepWebster,Daniel Webster,male,FL,21116,1949
Florida,R,yoho,RepTedYoho,Ted S. Yoho,male,FL,21317,1955
Georgia,D,bishop,SanfordBishop,"Sanford D. Bishop, Jr.",male,GA,29339,1947
Georgia,D,johnson,RepHankJohnson,"Henry C. ""Hank"" Johnson, Jr.",male,GA,20712,1954
Georgia,D,johnson,ReElectHank,"Henry C. ""Hank"" Johnson, Jr.",male,GA,20712,1954
Georgia,D,lewis,repjohnlewis,John Lewis,male,GA,15431,1940
Georgia,D,mcbath,RepLucyMcBath,Lucy McBath,female,GA,21944,1960
Georgia,D,mcbath,lucymcbath,Lucy McBath,female,GA,21944,1960
Georgia,D,scott,repdavidscott,David Scott,male,GA,20321,1945
Georgia,D,scott,RepDavids,David Scott,male,GA,20321,1945
Georgia,R,allen,RepRickAllen,Rick W. Allen,male,GA,21516,1951
Georgia,R,allen,rickallen,Rick W. Allen,male,GA,21516,1951
Georgia,R,carter,carbajalsalud,"Earl L. ""Buddy"" Carter",male,GA,21513,1957
Georgia,R,carter,RepBuddyCarter,"Earl L. ""Buddy"" Carter",male,GA,21513,1957
Georgia,R,carter,Buddy_Carter,"Earl L. ""Buddy"" Carter",male,GA,21513,1957
Georgia,R,collins,RepDougCollins,Doug Collins,male,GA,21323,1966
Georgia,R,collins,CollinsforGA,Doug Collins,male,GA,21323,1966
Georgia,R,ferguson,RepDrewFerguson,A. Drew Ferguson IV,male,GA,21717,1966
Georgia,R,graves,TomGravesGA14,Tom Graves,male,GA,20962,1970
Georgia,R,graves,RepTomGraves,Tom Graves,male,GA,20962,1970
Georgia,R,hice,CongressmanHice,Jody B. Hice,male,GA,21514,1960
Georgia,R,hice,JodyHice,Jody B. Hice,male,GA,21514,1960
Georgia,R,loudermilk,standwithbarry,Barry Loudermilk,male,GA,21515,1963
Georgia,R,loudermilk,RepLoudermilk,Barry Loudermilk,male,GA,21515,1963
Georgia,R,scott,AustinScottGA08,Austin Scott,male,GA,21123,1969
Georgia,R,woodall,RepRobWoodall,Rob Woodall,male,GA,21122,1970
Hawaii,D,case,RepEdCase,Ed Case,male,HI,20322,1952
Hawaii,D,gabbard,TulsiGabbard,Tulsi Gabbard,female,HI,21324,1981
Hawaii,D,gabbard,TulsiPress,Tulsi Gabbard,female,HI,21324,1981
Idaho,R,fulcher,RepRussFulcher,Russ Fulcher,male,ID,21920,1962
Idaho,R,simpson,MikeSimpson4ID,Michael K. Simpson,male,ID,29910,1950
Idaho,R,simpson,CongMikeSimpson,Michael K. Simpson,male,ID,29910,1950
Illinois,D,bustos,RepCheri,Cheri Bustos,female,IL,21329,1961
Illinois,D,bustos,CheriBustos,Cheri Bustos,female,IL,21329,1961
Illinois,D,casten,RepCasten,Sean Casten,male,IL,21906,1971
Illinois,D,casten,SeanCasten,Sean Casten,male,IL,21906,1971
Illinois,D,davis,RepDannyDavis,Danny K. Davis,male,IL,29717,1941
Illinois,D,foster,Foster4Congress,Bill Foster,male,IL,20749,1955
Illinois,D,foster,RepBillFoster,Bill Foster,male,IL,20749,1955
Illinois,D,garcia,RepChuyGarcia,Jesus G. Garcia,male,IL,21921,1956
Illinois,D,garcia,ChuyForCongress,Jesus G. Garcia,male,IL,21921,1956
Illinois,D,kelly,RobinLynneKelly,Robin L. Kelly,female,IL,21371,1956
Illinois,D,kelly,RepRobinKelly,Robin L. Kelly,female,IL,21371,1956
Illinois,D,krishnamoorthi,RajaForCongress,Raja Krishnamoorthi,male,IL,21730,1973
Illinois,D,krishnamoorthi,CongressmanRaja,Raja Krishnamoorthi,male,IL,21730,1973
Illinois,D,lipinski,RepLipinski,Daniel Lipinski,male,IL,20508,1966
Illinois,D,lipinski,DanLipinski,Daniel Lipinski,male,IL,20508,1966
Illinois,D,quigley,RepMikeQuigley,Mike Quigley,male,IL,20954,1958
Illinois,D,rush,RepBobbyRush,Bobby L. Rush,male,IL,29346,1946
Illinois,D,schakowsky,janschakowsky,Janice D. Schakowsky,female,IL,29911,1944
Illinois,D,schakowsky,RepSchakowsky,Janice D. Schakowsky,female,IL,29911,1944
Illinois,D,schneider,RepSchneider,Bradley Scott Schneider,male,IL,21326,1961
Illinois,D,underwood,LaurenUnderwood,Lauren Underwood,female,IL,21979,1986
Illinois,D,underwood,RepUnderwood,Lauren Underwood,female,IL,21979,1986
Illinois,R,bost,RepBost,Mike Bost,male,IL,21519,1960
Illinois,R,davis,RodneyDavis,Rodney Davis,male,IL,21328,1970
Illinois,R,kinzinger,RepKinzinger,Adam Kinzinger,male,IL,21128,1978
Illinois,R,lahood,RepLaHood,Darin LaHood,male,IL,21562,1968
Indiana,D,carson,RepAndreCarson,André Carson,male,IN,20757,1974
Indiana,D,visclosky,RepVisclosky,Peter J. Visclosky,male,IN,15124,1949
Indiana,R,baird,RepJimBaird,James R. Baird,male,IN,21903,1945
Indiana,R,banks,RepJimBanks,Jim Banks,male,IN,21702,1979
Indiana,R,banks,Jim_Banks,Jim Banks,male,IN,21702,1979
Indiana,R,brooks,SusanWBrooks,Susan W. Brooks,female,IN,21331,1960
Indiana,R,bucshon,RepLarryBucshon,Larry Bucshon,male,IN,21132,1962
Indiana,R,hollingsworth,RepTrey,Trey Hollingsworth,male,IN,21725,1983
Indiana,R,pence,GregPenceIN,Greg Pence,male,IN,21952,1956
Indiana,R,pence,RepGregPence,Greg Pence,male,IN,21952,1956
Indiana,R,walorski,jackiewalorski,Jackie Walorski,female,IN,21330,1963
Indiana,R,walorski,RepWalorski,Jackie Walorski,female,IN,21330,1963
Iowa,D,axne,RepCindyAxne,Cynthia Axne,female,IA,21902,1965
Iowa,D,axne,Axne4Congress,Cynthia Axne,female,IA,21902,1965
Iowa,D,finkenauer,RepFinkenauer,Abby Finkenauer,female,IA,21918,1988
Iowa,D,finkenauer,Abby4Iowa,Abby Finkenauer,female,IA,21918,1988
Iowa,D,loebsack,daveloebsack,David Loebsack,male,IA,20720,1952
Iowa,R,king,SteveKingIA,Steve King,male,IA,20325,1949
Kansas,D,davids,sharicedavids,Sharice Davids,female,KS,21914,1980
Kansas,R,estes,RepRonEstes,Ron Estes,male,KS,21750,1956
Kansas,R,marshall,RogerMarshallMD,Roger W. Marshall,male,KS,21734,1960
Kentucky,D,yarmuth,RepJohnYarmuth,John A. Yarmuth,male,KY,20723,1947
Kentucky,R,barr,RepAndyBarr,Andy Barr,male,KY,21333,1973
Kentucky,R,barr,barrforcongress,Andy Barr,male,KY,21333,1973
Kentucky,R,comer,JamesComer,James Comer,male,KY,21565,1972
Kentucky,R,guthrie,RepGuthrie,Brett Guthrie,male,KY,20916,1964
Kentucky,R,massie,RepThomasMassie,Thomas Massie,male,KY,31102,1971
Kentucky,R,rogers,RepHalRogers,Harold Rogers,male,KY,14854,1937
Louisiana,D,richmond,RepRichmond,Cedric L. Richmond,male,LA,21137,1973
Louisiana,D,richmond,CedricRichmond,Cedric L. Richmond,male,LA,21137,1973
Louisiana,R,abraham,RepAbraham,Ralph Lee Abraham,male,LA,21522,1954
Louisiana,R,abraham,DocAbraham,Ralph Lee Abraham,male,LA,21522,1954
Louisiana,R,graves,RepGarretGraves,Garret Graves,male,LA,21523,1972
Louisiana,R,graves,garretgraves,Garret Graves,male,LA,21523,1972
Louisiana,R,higgins,RepClayHiggins,Clay Higgins,male,LA,21724,1961
Louisiana,R,johnson,RepMikeJohnson,Mike Johnson,male,LA,21727,1972
Louisiana,R,scalise,SteveScalise,Steve Scalise,male,LA,20759,1965
Louisiana,R,scalise,SteveScaliseGOP,Steve Scalise,male,LA,20759,1965
Maine,D,golden,RepGolden,Jared Golden,male,ME,21923,1982
Maine,D,golden,golden4congress,Jared Golden,male,ME,21923,1982
Maine,D,pingree,chelliepingree,Chellie Pingree,female,ME,20920,1955
Maryland,D,brown,RepAnthonyBrown,Anthony G. Brown,male,MD,21707,1961
Maryland,D,brown,BrownforMD,Anthony G. Brown,male,MD,21707,1961
Maryland,D,cummings,ReElectCummings,Elijah E. Cummings,male,MD,29587,1951
Maryland,D,cummings,RepCummings,Elijah E. Cummings,male,MD,29587,1951
Maryland,D,hoyer,StenyHoyer,Steny H. Hoyer,male,MD,14873,1939
Maryland,D,hoyer,LeaderHoyer,Steny H. Hoyer,male,MD,14873,1939
Maryland,D,raskin,RepRaskin,Jamie Raskin,male,MD,21741,1962
Maryland,D,raskin,jamie_raskin,Jamie Raskin,male,MD,21741,1962
Maryland,D,ruppersberger,Call_Me_Dutch,C. A. Dutch Ruppersberger,male,MD,20329,1946
Maryland,D,sarbanes,JohnSarbanes,John P. Sarbanes,male,MD,20724,1962
Maryland,D,sarbanes,RepSarbanes,John P. Sarbanes,male,MD,20724,1962
Maryland,D,trone,RepDavidTrone,David J. Trone,male,MD,21978,1955
Maryland,D,trone,davidjtrone,David J. Trone,male,MD,21978,1955
Maryland,R,harris,RepAndyHarrisMD,Andy Harris,male,MD,21139,1957
Massachusetts,D,clark,RepKClark,Katherine M. Clark,female,MA,21375,1963
Massachusetts,D,keating,WilliamKeating,William R. Keating,male,MA,21140,1952
Massachusetts,D,keating,USRepKeating,William R. Keating,male,MA,21140,1952
Massachusetts,D,kennedy,joekennedy,Joseph P. Kennedy III,male,MA,21335,1980
Massachusetts,D,lynch,RepStephenLynch,Stephen F. Lynch,male,MA,20119,1955
Massachusetts,D,mcgovern,McGovernMA,James P. McGovern,male,MA,29729,1959
Massachusetts,D,mcgovern,RepMcGovern,James P. McGovern,male,MA,29729,1959
Massachusetts,D,moulton,sethmoulton,Seth Moulton,male,MA,21525,1978
Massachusetts,D,moulton,RepMoulton,Seth Moulton,male,MA,21525,1978
Massachusetts,D,neal,RepRichardNeal,Richard E. Neal,male,MA,15616,1949
Massachusetts,D,pressley,AyannaPressley,Ayanna Pressley,female,MA,21955,1974
Massachusetts,D,pressley,RepPressley,Ayanna Pressley,female,MA,21955,1974
Massachusetts,D,trahan,LoriTrahanMA,Lori Trahan,female,MA,21977,1973
Massachusetts,D,trahan,RepLoriTrahan,Lori Trahan,female,MA,21977,1973
Michigan,D,dingell,DebDingell,Debbie Dingell,female,MI,21529,1953
Michigan,D,dingell,RepDebDingell,Debbie Dingell,female,MI,21529,1953
Michigan,D,kildee,RepDanKildee,Daniel T. Kildee,male,MI,21372,1958
Michigan,D,lawrence,RepLawrence,Brenda L. Lawrence,female,MI,21530,1954
Michigan,D,lawrence,BrendaLLawrence,Brenda L. Lawrence,female,MI,21530,1954
Michigan,D,levin,RepAndyLevin,Andy Levin,male,MI,21940,1960
Michigan,D,levin,Andy_Levin,Andy Levin,male,MI,21940,1960
Michigan,D,slotkin,ElissaSlotkin,Elissa Slotkin,female,MI,21965,1976
Michigan,D,slotkin,RepSlotkin,Elissa Slotkin,female,MI,21965,1976
Michigan,D,stevens,HaleyLive,Haley M. Stevens,female,MI,21972,1983
Michigan,D,stevens,RepHaleyStevens,Haley M. Stevens,female,MI,21972,1983
Michigan,D,tlaib,RashidaTlaib,Rashida Tlaib,female,MI,21975,1976
Michigan,D,tlaib,RepRashida,Rashida Tlaib,female,MI,21975,1976
Michigan,R,amash,justinamash,Justin Amash,male,MI,21143,1980
Michigan,R,bergman,RepJackBergman,Jack Bergman,male,MI,21704,1947
Michigan,R,bergman,JackBergman_MI1,Jack Bergman,male,MI,21704,1947
Michigan,R,huizenga,RepHuizenga,Bill Huizenga,male,MI,21142,1969
Michigan,R,mitchell,RepPaulMitchell,Paul Mitchell,male,MI,21737,1961
Michigan,R,upton,UptonForAllOfUs,Fred Upton,male,MI,15446,1953
Michigan,R,upton,RepFredUpton,Fred Upton,male,MI,15446,1953
Michigan,R,walberg,RepWalberg,Tim Walberg,male,MI,20725,1951
Minnesota,D,craig,AngieCraigMN,Angie Craig,female,MN,21910,1972
Minnesota,D,craig,RepAngieCraig,Angie Craig,female,MN,21910,1972
Minnesota,D,mccollum,BettyMcCollum04,Betty McCollum,female,MN,20122,1954
Minnesota,D,omar,Ilhan,Ilhan Omar,female,MN,21950,1982
Minnesota,D,omar,IlhanMN,Ilhan Omar,female,MN,21950,1982
Minnesota,D,phillips,RepDeanPhillips,Dean Phillips,male,MN,21953,1969
Minnesota,D,phillips,deanbphillips,Dean Phillips,male,MN,21953,1969
Minnesota,D,phillips,RepDean,Dean Phillips,male,MN,21953,1969
Minnesota,R,emmer,RepTomEmmer,Tom Emmer,male,MN,21531,1961
Minnesota,R,emmer,tomemmer,Tom Emmer,male,MN,21531,1961
Minnesota,R,hagedorn,RepHagedorn,Jim Hagedorn,male,MN,21929,1962
Minnesota,R,stauber,PeteStauber,Pete Stauber,male,MN,21969,1966
Minnesota,R,stauber,RepPeteStauber,Pete Stauber,male,MN,21969,1966
Mississippi,D,thompson,BennieGThompson,Bennie G. Thompson,male,MS,29368,1948
Mississippi,R,guest,RepMichaelGuest,Michael Guest,male,MS,21927,1970
Mississippi,R,kelly,RepTrentKelly,Trent Kelly,male,MS,21561,1966
Mississippi,R,palazzo,CongPalazzo,Steven M. Palazzo,male,MS,21148,1970
Missouri,D,clay,LacyClayMO1,Wm. Lacy Clay,male,MO,20147,1956
Missouri,D,cleaver,Vote4Cleaver,Emanuel Cleaver,male,MO,20517,1944
Missouri,D,cleaver,repcleaver,Emanuel Cleaver,male,MO,20517,1944
Missouri,R,graves,RepSamGraves,Sam Graves,male,MO,20124,1963
Missouri,R,hartzler,RepHartzler,Vicky Hartzler,female,MO,21149,1960
Missouri,R,long,auctnr1,Billy Long,male,MO,21150,1955
Missouri,R,long,USRepLong,Billy Long,male,MO,21150,1955
Missouri,R,luetkemeyer,RepBlaine,Blaine Luetkemeyer,male,MO,20926,1952
Missouri,R,smith,JasonSmithMO,Jason Smith,male,MO,21373,1980
Missouri,R,smith,RepJasonSmith,Jason Smith,male,MO,21373,1980
Missouri,R,wagner,AnnLWagner,Ann Wagner,female,MO,21337,1962
Missouri,R,wagner,RepAnnWagner,Ann Wagner,female,MO,21337,1962
Nebraska,R,bacon,DonJBacon,Don Bacon,male,NE,21701,1963
Nebraska,R,bacon,RepDonBacon,Don Bacon,male,NE,21701,1963
Nebraska,R,fortenberry,JeffFortenberry,Jeff Fortenberry,male,NE,20518,1960
Nebraska,R,smith,RepAdrianSmith,Adrian Smith,male,NE,20729,1970
Nevada,D,horsford,RepHorsford,Steven Horsford,male,NV,21339,1973
Nevada,D,horsford,StevenHorsford,Steven Horsford,male,NV,21339,1973
Nevada,D,lee,RepSusieLee,Susie Lee,female,NV,21938,1966
Nevada,D,lee,SusieLeeNV,Susie Lee,female,NV,21938,1966
Nevada,D,titus,repdinatitus,Dina Titus,female,NV,20927,1950
Nevada,D,titus,dinatitus,Dina Titus,female,NV,20927,1950
Nevada,R,amodei,MarkAmodeiNV2,Mark E. Amodei,male,NV,21196,1958
New Hampshire,D,kuster,AnnMcLaneKuster,Ann M. Kuster,female,NH,21340,1956
New Hampshire,D,kuster,RepAnnieKuster,Ann M. Kuster,female,NH,21340,1956
New Hampshire,D,pappas,ChrisPappasNH,Chris Pappas,male,NH,21951,1980
New Hampshire,D,pappas,RepChrisPappas,Chris Pappas,male,NH,21951,1980
New Jersey,D,coleman,RepBonnie,Bonnie Watson Coleman,female,NJ,21538,1945
New Jersey,D,gottheimer,RepJoshG,Josh Gottheimer,male,NJ,21723,1975
New Jersey,D,gottheimer,JoshGottheimer,Josh Gottheimer,male,NJ,21723,1975
New Jersey,D,kim,RepAndyKimNJ,Andy Kim,male,NJ,21937,1982
New Jersey,D,kim,AndyKimNJ,Andy Kim,male,NJ,21937,1982
New Jersey,D,malinowski,RepMalinowski,Tom Malinowski,male,NJ,21942,1965
New Jersey,D,malinowski,Malinowski,Tom Malinowski,male,NJ,21942,1965
New Jersey,D,norcross,DonaldNorcross,Donald Norcross,male,NJ,21536,1958
New Jersey,D,pallone,pallonefornj,"Frank Pallone, Jr.",male,NJ,15454,1951
New Jersey,D,pallone,FrankPallone,"Frank Pallone, Jr.",male,NJ,15454,1951
New Jersey,D,pascrell,BillPascrell,"Bill Pascrell, Jr.",male,NJ,29741,1937
New Jersey,D,pascrell,PascrellforNJ,"Bill Pascrell, Jr.",male,NJ,29741,1937
New Jersey,D,payne,RepDonaldPayne,"Donald M. Payne, Jr.",male,NJ,31103,1958
New Jersey,D,sherrill,MikieSherrill,Mikie Sherrill,female,NJ,21964,1972
New Jersey,D,sherrill,RepSherrill,Mikie Sherrill,female,NJ,21964,1972
New Jersey,D,sires,RepSires,Albio Sires,male,NJ,20542,1951
New Mexico,D,haaland,RepDebHaaland,Debra A. Haaland,female,NM,21928,1960
New Mexico,D,haaland,DebHaalandNM,Debra A. Haaland,female,NM,21928,1960
New Mexico,D,lujan,SenatorLujan,Ben Ray Lujan,male,NM,20932,1972
New Mexico,D,lujan,benraylujan,Ben Ray Lujan,male,NM,20932,1972
New Mexico,D,small,xochnm,Xochitl Torres Small,female,NM,21976,1984
New Mexico,D,small,RepTorresSmall,Xochitl Torres Small,female,NM,21976,1984
New York,D,brindisi,RepBrindisi,Anthony Brindisi,male,NY,21904,1978
New York,D,clarke,RepYvetteClarke,Yvette D. Clarke,female,NY,20733,1964
New York,D,clarke,VoteYvette,Yvette D. Clarke,female,NY,20733,1964
New York,D,delgado,repdelgado,Antonio Delgado,male,NY,21916,1977
New York,D,delgado,DelgadoforNY,Antonio Delgado,male,NY,21916,1977
New York,D,engel,RepEliotEngel,Eliot L. Engel,male,NY,15603,1947
New York,D,espaillat,RepEspaillat,Adriano Espaillat,male,NY,21715,1954
New York,D,higgins,Higgins4WNY,Brian Higgins,male,NY,20519,1959
New York,D,higgins,RepBrianHiggins,Brian Higgins,male,NY,20519,1959
New York,D,jeffries,RepJeffries,Hakeem S. Jeffries,male,NY,21343,1970
New York,D,jeffries,hakeemjeffries,Hakeem S. Jeffries,male,NY,21343,1970
New York,D,lowey,NitaLowey,Nita M. Lowey,female,NY,15612,1937
New York,D,maloney,CarolynBMaloney,Carolyn B. Maloney,female,NY,29379,1946
New York,D,maloney,RepMaloney,Carolyn B. Maloney,female,NY,29379,1946
New York,D,maloney_l,RepSeanMaloney,Sean Patrick Maloney,male,NY,21344,1966
New York,D,meeks,RepGregoryMeeks,Gregory W. Meeks,male,NY,29776,1953
New York,D,meng,RepGraceMeng,Grace Meng,female,NY,21342,1975
New York,D,meng,Grace4NY,Grace Meng,female,NY,21342,1975
New York,D,morelle,RepJoeMorelle,Joseph D. Morelle,male,NY,21761,1957
New York,D,morelle,votemorelle,Joseph D. Morelle,male,NY,21761,1957
New York,D,nadler,RepJerryNadler,Jerrold Nadler,male,NY,29377,1947
New York,D,nadler,JerryNadler,Jerrold Nadler,male,NY,29377,1947
New York,D,ocasio-cortez,AOC,Alexandria Ocasio-Cortez,female,NY,21949,1989
New York,D,ocasio-cortez,RepArmstrongND,Alexandria Ocasio-Cortez,female,NY,21949,1989
New York,D,ocasio-cortez,RepAOC,Alexandria Ocasio-Cortez,female,NY,21949,1989
New York,D,rice,RepKathleenRice,Kathleen M. Rice,female,NY,21540,1965
New York,D,rice,KathleenRice,Kathleen M. Rice,female,NY,21540,1965
New York,D,rose,MaxRose4NY,Max Rose,male,NY,21958,1986
New York,D,rose,RepMaxRose,Max Rose,male,NY,21958,1986
New York,D,serrano,RepJoseSerrano,José E. Serrano,male,NY,29134,1943
New York,D,suozzi,RepTomSuozzi,Thomas R. Suozzi,male,NY,21747,1962
New York,D,tonko,PaulTonko,Paul Tonko,male,NY,20934,1949
New York,D,tonko,RepPaulTonko,Paul Tonko,male,NY,20934,1949
New York,D,velazquez,ReElectNydia,Nydia M. Velazquez,female,NY,29378,1953
New York,D,velazquez,NydiaVelazquez,Nydia M. Velazquez,female,NY,29378,1953
New York,R,katko,RepJohnKatko,John Katko,male,NY,21542,1962
New York,R,king,RepPeteKing,Peter T. King,male,NY,29375,1944
New York,R,reed,TomReedCongress,Tom Reed,male,NY,21101,1971
New York,R,reed,TomReedNY23,Tom Reed,male,NY,21101,1971
New York,R,stefanik,RepStefanik,Elise M. Stefanik,female,NY,21541,1984
New York,R,stefanik,EliseStefanik,Elise M. Stefanik,female,NY,21541,1984
New York,R,zeldin,RepLeeZeldin,Lee M. Zeldin,male,NY,21539,1980
New York,R,zeldin,leezeldin,Lee M. Zeldin,male,NY,21539,1980
North Carolina,D,adams,RepAdams,Alma S. Adams,female,NC,21545,1946
North Carolina,D,butterfield,GKButterfield,G. K. Butterfield,male,NC,20340,1947
North Carolina,D,price,RepDavidEPrice,David E. Price,male,NC,15438,1940
North Carolina,R,bishop,RepDanBishop,Dan Bishop,male,NC,21986,1964
North Carolina,R,budd,TedBuddNC,Ted Budd,male,NC,21708,1971
North Carolina,R,budd,RepTedBudd,Ted Budd,male,NC,21708,1971
North Carolina,R,foxx,virginiafoxx,Virginia Foxx,female,NC,20521,1943
North Carolina,R,foxx,foxxforcongress,Virginia Foxx,female,NC,20521,1943
North Carolina,R,holding,RepHolding,George Holding,male,NC,21349,1968
North Carolina,R,hudson,RepRichHudson,Richard Hudson,male,NC,21346,1971
North Carolina,R,mchenry,McHenryCampaign,Patrick T. McHenry,male,NC,20522,1975
North Carolina,R,mchenry,PatrickMcHenry,Patrick T. McHenry,male,NC,20522,1975
North Carolina,R,meadows,MarkMeadows,Mark Meadows,male,NC,21348,1959
North Carolina,R,meadows,TeamMeadows,Mark Meadows,male,NC,21348,1959
North Carolina,R,murphy,RepGregMurphy,Greg Murphy,male,NC,21987,1963
North Carolina,R,rouzer,RepDavidRouzer,David Rouzer,male,NC,21544,1972
North Carolina,R,walker,RepMarkWalker,Mark Walker,male,NC,21543,1969
Northern Mariana Islands,D,sablan,Kilili_Sablan,Gregorio Kilili Camacho Sablan,male,MP,21996,1955
Ohio,D,beatty,JoyceBeatty,Joyce Beatty,female,OH,21352,1950
Ohio,D,beatty,RepBeatty,Joyce Beatty,female,OH,21352,1950
Ohio,D,fudge,mlfudge,Marcia L. Fudge,female,OH,20941,1952
Ohio,D,fudge,RepMarciaFudge,Marcia L. Fudge,female,OH,20941,1952
Ohio,D,kaptur,RepMarcyKaptur,Marcy Kaptur,female,OH,15029,1946
Ohio,D,kaptur,Marcy_Kaptur,Marcy Kaptur,female,OH,15029,1946
Ohio,D,ryan,TimRyan,Tim Ryan,male,OH,20343,1973
Ohio,D,ryan,RepTimRyan,Tim Ryan,male,OH,20343,1973
Ohio,R,balderson,RepBalderson,Troy Balderson,male,OH,21759,1962
Ohio,R,balderson,Troy_Balderson,Troy Balderson,male,OH,21759,1962
Ohio,R,chabot,RepSteveChabot,Steve Chabot,male,OH,29550,1953
Ohio,R,chabot,SteveChabot,Steve Chabot,male,OH,29550,1953
Ohio,R,davidson,WarrenDavidson,Warren Davidson,male,OH,21564,1970
Ohio,R,gibbs,RepBobGibbs,Bob Gibbs,male,OH,21165,1954
Ohio,R,gonzalez,RepAGonzalez,Anthony Gonzalez,male,OH,21924,1984
Ohio,R,johnson,RepBillJohnson,Bill Johnson,male,OH,21162,1954
Ohio,R,jordan,Jim_Jordan,Jim Jordan,male,OH,20738,1964
Ohio,R,joyce,DaveJoyceOH14,David P. Joyce,male,OH,21353,1957
Ohio,R,joyce,RepDaveJoyce,David P. Joyce,male,OH,21353,1957
Ohio,R,latta,boblatta,Robert E. Latta,male,OH,20755,1956
Ohio,R,stivers,stevestivers,Steve Stivers,male,OH,21163,1965
Ohio,R,stivers,RepSteveStivers,Steve Stivers,male,OH,21163,1965
Ohio,R,turner,MikeTurnerOH,Michael R. Turner,male,OH,20342,1960
Ohio,R,turner,RepMikeTurner,Michael R. Turner,male,OH,20342,1960
Ohio,R,wenstrup,RepBradWenstrup,Brad R. Wenstrup,male,OH,21351,1958
Oklahoma,D,horn,VoteKendraOK,Kendra S. Horn,female,OK,21933,1976
Oklahoma,D,horn,HornForCongress,Kendra S. Horn,female,OK,21933,1976
Oklahoma,R,cole,TomColeOK04,Tom Cole,male,OK,20344,1949
Oklahoma,R,hern,krhern,Kevin Hern,male,OK,21760,1961
Oklahoma,R,hern,repkevinhern,Kevin Hern,male,OK,21760,1961
Oklahoma,R,lucas,RepFrankLucas,Frank D. Lucas,male,OK,29393,1960
Oklahoma,R,mullin,RepMullin,Markwayne Mullin,male,OK,21355,1977
Oklahoma,R,mullin,MarkwayneMullin,Markwayne Mullin,male,OK,21355,1977
Oregon,D,blumenauer,repblumenauer,Earl Blumenauer,male,OR,29588,1948
Oregon,D,bonamici,RepBonamici,Suzanne Bonamici,female,OR,21198,1954
Oregon,D,defazio,RepPeterDeFazio,Peter A. DeFazio,male,OR,15410,1947
Oregon,D,schrader,RepSchrader,Kurt Schrader,male,OR,20944,1951
Oregon,R,walden,gregwalden,Greg Walden,male,OR,29932,1957
Oregon,R,walden,repgregwalden,Greg Walden,male,OR,29932,1957
Pennsylvania,D,boyle,RepBrendanBoyle,Brendan F. Boyle,male,PA,21548,1977
Pennsylvania,D,boyle,CongBoyle,Brendan F. Boyle,male,PA,21548,1977
Pennsylvania,D,cartwright,CartwrightPA,Matt Cartwright,male,PA,21358,1961
Pennsylvania,D,cartwright,RepCartwright,Matt Cartwright,male,PA,21358,1961
Pennsylvania,D,dean,MadeleineDean,Madeleine Dean,female,PA,21915,1959
Pennsylvania,D,doyle,USRepMikeDoyle,Michael F. Doyle,male,PA,29561,1953
Pennsylvania,D,evans,DwightEvansPA,Dwight Evans,male,PA,21566,1954
Pennsylvania,D,evans,RepDwightEvans,Dwight Evans,male,PA,21566,1954
Pennsylvania,D,houlahan,RepHoulahan,Chrissy Houlahan,female,PA,21934,1967
Pennsylvania,D,houlahan,HoulahanForPa,Chrissy Houlahan,female,PA,21934,1967
Pennsylvania,D,lamb,RepConorLamb,Conor Lamb,male,PA,21756,1984
Pennsylvania,D,lamb,ConorLambPA,Conor Lamb,male,PA,21756,1984
Pennsylvania,D,scanlon,marygayscanlon,Mary Gay Scanlon,female,PA,21762,1959
Pennsylvania,D,scanlon,RepMGS,Mary Gay Scanlon,female,PA,21762,1959
Pennsylvania,D,wild,wildforcongress,Susan Wild,female,PA,21763,1957
Pennsylvania,D,wild,RepSusanWild,Susan Wild,female,PA,21763,1957
Pennsylvania,R,fitzpatrick,RepBrianFitz,Brian K. Fitzpatrick,male,PA,21718,1973
Pennsylvania,R,fitzpatrick,BrianFitzUSA,Brian K. Fitzpatrick,male,PA,21718,1973
Pennsylvania,R,joyce,RepJohnJoyce,John Joyce,male,PA,21936,1957
Pennsylvania,R,keller,RepFredKeller,Fred Keller,male,PA,21985,1965
Pennsylvania,R,kelly,MikeKellyPA,Mike Kelly,male,PA,21167,1948
Pennsylvania,R,meuser,Meuser4Congress,Daniel Meuser,male,PA,21945,1964
Pennsylvania,R,meuser,RepMeuser,Daniel Meuser,male,PA,21945,1964
Pennsylvania,R,perry,RepScottPerry,Scott Perry,male,PA,21356,1962
Pennsylvania,R,reschenthaler,reschenthaler,Guy Reschenthaler,male,PA,21956,1983
Pennsylvania,R,reschenthaler,GReschenthaler,Guy Reschenthaler,male,PA,21956,1983
Pennsylvania,R,smucker,LloydSmuckerPA,Lloyd Smucker,male,PA,21745,1964
Pennsylvania,R,smucker,RepSmucker,Lloyd Smucker,male,PA,21745,1964
Pennsylvania,R,thompson,CongressmanGT,Glenn Thompson,male,PA,20946,1959
Pennsylvania,R,thompson,GT_TeamGT,Glenn Thompson,male,PA,20946,1959
Puerto Rico,R,gonzalez-colon,RepJenniffer,Jenniffer Gonzalez-Colon,female,PR,21992,1976
Rhode Island,D,cicilline,davidcicilline,David N. Cicilline,male,RI,21172,1961
Rhode Island,D,cicilline,RepCicilline,David N. Cicilline,male,RI,21172,1961
Rhode Island,D,langevin,LangevinForRI,James R. Langevin,male,RI,20136,1964
Rhode Island,D,langevin,JimLangevin,James R. Langevin,male,RI,20136,1964
South Carolina,D,clyburn,ClyburnSC06,James E. Clyburn,male,SC,39301,1940
South Carolina,D,clyburn,WhipClyburn,James E. Clyburn,male,SC,39301,1940
South Carolina,D,cunningham,RepCunningham,Joe Cunningham,male,SC,21913,1982
South Carolina,D,cunningham,JoeCunninghamSC,Joe Cunningham,male,SC,21913,1982
South Carolina,R,duncan,RepJeffDuncan,Jeff Duncan,male,SC,21174,1966
South Carolina,R,norman,RepRalphNorman,Ralph Norman,male,SC,21753,1953
South Carolina,R,rice,RepTomRice,Tom Rice,male,SC,21359,1957
South Carolina,R,timmons,RepTimmons,William R. Timmons IV,male,SC,21974,1984
South Carolina,R,wilson,RepJoeWilson,Joe Wilson,male,SC,20138,1947
South Dakota,R,johnson,RepDustyJohnson,Dusty Johnson,male,SD,21935,1976
Tennessee,D,cohen,RepCohen,Steve Cohen,male,TN,20748,1949
Tennessee,D,cooper,CoopForCongress,Jim Cooper,male,TN,15019,1954
Tennessee,D,cooper,repjimcooper,Jim Cooper,male,TN,15019,1954
Tennessee,R,burchett,timburchett,Tim Burchett,male,TN,21905,1964
Tennessee,R,burchett,RepTimBurchett,Tim Burchett,male,TN,21905,1964
Tennessee,R,desjarlais,DesJarlaisTN04,Scott DesJarlais,male,TN,21179,1964
Tennessee,R,fleischmann,RepChuck,"Charles J. ""Chuck"" Fleischmann",male,TN,21178,1962
Tennessee,R,fleischmann,chuck4congress,"Charles J. ""Chuck"" Fleischmann",male,TN,21178,1962
Tennessee,R,green,RepMarkGreen,Mark E. Green,male,TN,21926,1964
Tennessee,R,green,DrMarkGreen4TN,Mark E. Green,male,TN,21926,1964
Tennessee,R,kustoff,RepDavidKustoff,David Kustoff,male,TN,21731,1966
Tennessee,R,kustoff,DavidKustoff,David Kustoff,male,TN,21731,1966
Tennessee,R,roe,DrPhilRoe,David P. Roe,male,TN,20947,1945
Tennessee,R,rose,RepJohnRose,John W. Rose,male,TN,21959,1965
Tennessee,R,rose,JohnRoseforTN,John W. Rose,male,TN,21959,1965
Texas,D,allred,RepColinAllred,Colin Z. Allred,male,TX,21900,1983
Texas,D,allred,ColinAllredTX,Colin Z. Allred,male,TX,21900,1983
Texas,D,castro,JoaquinCastrotx,Joaquin Castro,male,TX,21362,1974
Texas,D,cuellar,RepCuellar,Henry Cuellar,male,TX,20533,1955
Texas,D,doggett,LloydDoggettTX,Lloyd Doggett,male,TX,29571,1946
Texas,D,doggett,RepLloydDoggett,Lloyd Doggett,male,TX,29571,1946
Texas,D,escobar,vgescobar,Veronica Escobar,female,TX,21917,1969
Texas,D,escobar,RepEscobar,Veronica Escobar,female,TX,21917,1969
Texas,D,fletcher,Lizzie4Congress,Lizzie Fletcher,female,TX,21919,1975
Texas,D,fletcher,RepFletcher,Lizzie Fletcher,female,TX,21919,1975
Texas,D,garcia,RepSylviaGarcia,Sylvia R. Garcia,female,TX,21922,1950
Texas,D,gonzalez,RepGonzalez,Vicente Gonzalez,male,TX,21722,1967
Texas,D,green,RepAlGreen,Al Green,male,TX,20529,1947
Texas,D,johnson,RepEBJ,Eddie Bernice Johnson,female,TX,39305,1935
Texas,D,lee,JacksonLeeTX18,Sheila Jackson Lee,female,TX,29573,1950
Texas,D,veasey,RepVeasey,Marc A. Veasey,male,TX,21365,1971
Texas,D,veasey,MarcVeasey,Marc A. Veasey,male,TX,21365,1971
Texas,D,vela,RepFilemonVela,Filemon Vela,male,TX,21366,1963
Texas,R,arrington,RepArrington,Jodey C. Arrington,male,TX,21700,1972
Texas,R,arrington,JodeyArrington,Jodey C. Arrington,male,TX,21700,1972
Texas,R,babin,RepBrianBabin,Brian Babin,male,TX,21551,1948
Texas,R,brady,bradyfortexas,Kevin Brady,male,TX,29760,1955
Texas,R,brady,RepKevinBrady,Kevin Brady,male,TX,29760,1955
Texas,R,burgess,michaelcburgess,Michael C. Burgess,male,TX,20355,1950
Texas,R,carter,JudgeCarter,John R. Carter,male,TX,20356,1941
Texas,R,carter,JudgeJohnCarter,John R. Carter,male,TX,20356,1941
Texas,R,cloud,RepCloudTX,Michael Cloud,male,TX,21758,1975
Texas,R,cloud,MichaelJCloud,Michael Cloud,male,TX,21758,1975
Texas,R,conaway,ConawayTX11,K. Michael Conaway,male,TX,20531,1948
Texas,R,crenshaw,DanCrenshawTX,Dan Crenshaw,male,TX,21911,1984
Texas,R,crenshaw,RepDanCrenshaw,Dan Crenshaw,male,TX,21911,1984
Texas,R,gohmert,replouiegohmert,Louie Gohmert,male,TX,20527,1953
Texas,R,gooden,Lancegooden,Lance Gooden,male,TX,21925,1982
Texas,R,granger,RepKayGranger,Kay Granger,female,TX,29762,1943
Texas,R,hurd,WillHurd,Will Hurd,male,TX,21550,1977
Texas,R,marchant,RepKenMarchant,Kenny Marchant,male,TX,20532,1951
Texas,R,mccaul,RepMcCaul,Michael T. McCaul,male,TX,20530,1962
Texas,R,mccaul,McCaulforTexas,Michael T. McCaul,male,TX,20530,1962
Texas,R,olson,RepPeteOlson,Pete Olson,male,TX,20948,1962
Texas,R,olson,PeteOlson,Pete Olson,male,TX,20948,1962
Texas,R,roy,RepChipRoy,Chip Roy,male,TX,21961,1972
Texas,R,roy,chiproytx,Chip Roy,male,TX,21961,1972
Texas,R,taylor,RepVanTaylor,Van Taylor,male,TX,21973,1972
Texas,R,thornberry,MacTXPress,Mac Thornberry,male,TX,29572,1958
Texas,R,weber,TXRandy14,"Randy K. Weber, Sr.",male,TX,21360,1953
Texas,R,williams,RepRWilliams,Roger Williams,male,TX,21364,1949
Texas,R,wright,RepRonWright,Ron Wright,male,TX,21984,1953
United States Virgin Islands,D,plaskett,StaceyPlaskett,Stacey E. Plaskett,female,VI,21994,1966
Utah,D,mcadams,BenMcAdamsUT,Ben McAdams,male,UT,21943,1974
Utah,D,mcadams,BenMcAdams,Ben McAdams,male,UT,21943,1974
Utah,R,curtis,RepJohnCurtis,John R. Curtis,male,UT,21755,1960
Utah,R,curtis,CurtisUT,John R. Curtis,male,UT,21755,1960
Utah,R,stewart,RepChrisStewart,Chris Stewart,male,UT,21367,1960
Utah,R,stewart,StewartforUtah,Chris Stewart,male,UT,21367,1960
Vermont,D,welch,PeterWelch,Peter Welch,male,VT,20750,1947
Virginia,D,beyer,RepDonBeyer,"Donald S. Beyer, Jr.",male,VA,21554,1950
Virginia,D,beyer,DonBeyerVA,"Donald S. Beyer, Jr.",male,VA,21554,1950
Virginia,D,connolly,GerryConnolly,Gerald E. Connolly,male,VA,20952,1950
Virginia,D,luria,ElaineLuriaVA,Elaine G. Luria,female,VA,21941,1975
Virginia,D,luria,RepElaineLuria,Elaine G. Luria,female,VA,21941,1975
Virginia,D,mceachin,Donald_McEachin,A. Donald McEachin,male,VA,21736,1961
Virginia,D,mceachin,RepMcEachin,A. Donald McEachin,male,VA,21736,1961
Virginia,D,scott,BobbyScott4VA3,"Robert C. ""Bobby"" Scott",male,VA,39307,1947
Virginia,D,scott,BobbyScott,"Robert C. ""Bobby"" Scott",male,VA,39307,1947
Virginia,D,spanberger,SpanbergerVA07,Abigail Davis Spanberger,female,VA,21966,1979
Virginia,D,spanberger,RepSpanberger,Abigail Davis Spanberger,female,VA,21966,1979
Virginia,D,wexton,RepWexton,Jennifer Wexton,female,VA,21983,1968
Virginia,D,wexton,JenniferWexton,Jennifer Wexton,female,VA,21983,1968
Virginia,R,cline,Cline4Virginia,Ben Cline,male,VA,21908,1972
Virginia,R,cline,RepBenCline,Ben Cline,male,VA,21908,1972
Virginia,R,griffith,RepMGriffith,H. Morgan Griffith,male,VA,21191,1958
Virginia,R,riggleman,Denver4VA,Denver Riggleman,male,VA,21957,1970
Virginia,R,riggleman,RepRiggleman,Denver Riggleman,male,VA,21957,1970
Virginia,R,wittman,ReElectWittman,Robert J. Wittman,male,VA,20756,1959
Virginia,R,wittman,RobWittman,Robert J. Wittman,male,VA,20756,1959
Washington,D,delbene,SuzanDelBene,Suzan K. DelBene,female,WA,31101,1962
Washington,D,delbene,RepDelBene,Suzan K. DelBene,female,WA,31101,1962
Washington,D,heck,LtGovDennyHeck,Denny Heck,male,WA,21369,1952
Washington,D,jayapal,PramilaJayapal,Pramila Jayapal,female,WA,21726,1965
Washington,D,jayapal,RepJayapal,Pramila Jayapal,female,WA,21726,1965
Washington,D,kilmer,RepDerekKilmer,Derek Kilmer,male,WA,21368,1974
Washington,D,kilmer,DerekKilmer,Derek Kilmer,male,WA,21368,1974
Washington,D,larsen,larsenrick,Rick Larsen,male,WA,20145,1965
Washington,D,larsen,RepRickLarsen,Rick Larsen,male,WA,20145,1965
Washington,D,schrier,DrKimSchrier,Kim Schrier,female,WA,21962,1968
Washington,D,schrier,RepKimSchrier,Kim Schrier,female,WA,21962,1968
Washington,D,smith,RepAdamSmith,Adam Smith,male,WA,29768,1965
Washington,D,smith,electadamsmith,Adam Smith,male,WA,29768,1965
Washington,R,beutler,JaimeForUSRep,Jaime Herrera Beutler,female,WA,21187,1978
Washington,R,beutler,HerreraBeutler,Jaime Herrera Beutler,female,WA,21187,1978
Washington,R,newhouse,RepNewhouse,Dan Newhouse,male,WA,21556,1955
Washington,R,rodgers,cathymcmorris,Cathy McMorris Rodgers,female,WA,20535,1969
West Virginia,R,mckinley,RepMcKinley,David B. McKinley,male,WV,21188,1947
West Virginia,R,miller,RepCarolMiller,Carol D. Miller,female,WV,21946,1950
West Virginia,R,mooney,RepAlexMooney,Alexander X. Mooney,male,WV,21557,1971
Wisconsin,D,kind,RepRonKind,Ron Kind,male,WI,29769,1963
Wisconsin,D,moore,RepGwenMoore,Gwen Moore,female,WI,20537,1951
Wisconsin,D,moore,Gwen4Congress,Gwen Moore,female,WI,20537,1951
Wisconsin,D,pocan,MarkPocan,Mark Pocan,male,WI,21370,1964
Wisconsin,D,pocan,RepMarkPocan,Mark Pocan,male,WI,21370,1964
Wisconsin,R,duffy,SeanDuffyWI,Sean P. Duffy,male,WI,21189,1971
Wisconsin,R,gallagher,RepGallagher,Mike Gallagher,male,WI,21720,1984
Wisconsin,R,grothman,RepGrothman,Glenn Grothman,male,WI,21559,1955
Wisconsin,R,steil,RepBryanSteil,Bryan Steil,male,WI,21970,1981
Wisconsin,R,steil,BryanSteil,Bryan Steil,male,WI,21970,1981
Wyoming,R,cheney,Liz_Cheney,Liz Cheney,female,WY,21710,1966
Wyoming,R,cheney,RepLizCheney,Liz Cheney,female,WY,21710,1966